Temps,Vitesse
0,10
0.0166667,9.97333
0.0333333,9.94677
0.05,9.92032
0.0666667,9.89397
0.0833333,9.86773
0.1,9.84159
0.116667,9.81555
0.133333,9.78962
0.15,9.76379
0.166667,9.73806
0.183333,9.71243
0.2,9.6869
0.216667,9.66147
0.233333,9.63615
0.25,9.61092
0.266667,9.58579
0.283333,9.56075
0.3,9.53582
0.316667,9.51098
0.333333,9.48624
0.35,9.46159
0.366667,9.43704
0.383333,9.41258
0.4,9.38822
0.416667,9.36395
0.433333,9.33977
0.45,9.31569
0.466667,9.2917
0.483333,9.2678
0.5,9.24399
0.516667,9.22027
0.533333,9.19664
0.55,9.1731
0.566667,9.14965
0.583333,9.12629
0.6,9.10302
0.616667,9.07983
0.633333,9.05673
0.65,9.03372
0.666667,9.01079
0.683333,8.98795
0.7,8.9652
0.716667,8.94253
0.733333,8.91994
0.75,8.89744
0.766667,8.87502
0.783333,8.85269
0.8,8.83043
0.816667,8.80826
0.833333,8.78617
0.85,8.76416
0.866667,8.74224
0.883333,8.72039
0.9,8.69862
0.916667,8.67694
0.933333,8.65533
0.95,8.6338
0.966667,8.61235
0.983333,8.59098
1,8.56968
1.01667,8.54846
1.03333,8.52732
1.05,8.50626
1.06667,8.48527
1.08333,8.46435
1.1,8.44352
1.11667,8.42275
1.13333,8.40206
1.15,8.38145
1.16667,8.36091
1.18333,8.34044
1.2,8.32004
1.21667,8.29972
1.23333,8.27947
1.25,8.25929
1.26667,8.23918
1.28333,8.21914
1.3,8.19918
1.31667,8.17928
1.33333,8.15946
1.35,8.1397
1.36667,8.12001
1.38333,8.1004
1.4,8.08085
1.41667,8.06137
1.43333,8.04195
1.45,8.02261
1.46667,8.00333
1.48333,7.98412
1.5,7.96497
1.51667,7.94589
1.53333,7.92688
1.55,7.90793
1.56667,7.88905
1.58333,7.87023
1.6,7.85148
1.61667,7.83279
1.63333,7.81417
1.65,7.79561
1.66667,7.77711
1.68333,7.75868
1.7,7.74031
1.71667,7.722
1.73333,7.70375
1.75,7.68557
1.76667,7.66744
1.78333,7.64938
1.8,7.63138
1.81667,7.61344
1.83333,7.59556
1.85,7.57774
1.86667,7.55998
1.88333,7.54228
1.9,7.52464
1.91667,7.50706
1.93333,7.48953
1.95,7.47207
1.96667,7.45466
1.98333,7.43731
2,7.42002
2.01667,7.40279
2.03333,7.38561
2.05,7.36849
2.06667,7.35142
2.08333,7.33442
2.1,7.31746
2.11667,7.30057
2.13333,7.28373
2.15,7.26694
2.16667,7.25021
2.18333,7.23354
2.2,7.21692
2.21667,7.20035
2.23333,7.18384
2.25,7.16738
2.26667,7.15097
2.28333,7.13462
2.3,7.11832
2.31667,7.10207
2.33333,7.08588
2.35,7.06973
2.36667,7.05364
2.38333,7.0376
2.4,7.02162
2.41667,7.00568
2.43333,6.9898
2.45,6.97396
2.46667,6.95818
2.48333,6.94245
2.5,6.92676
2.51667,6.91113
2.53333,6.89555
2.55,6.88001
2.56667,6.86453
2.58333,6.84909
2.6,6.8337
2.61667,6.81837
2.63333,6.80308
2.65,6.78784
2.66667,6.77264
2.68333,6.7575
2.7,6.7424
2.71667,6.72735
2.73333,6.71234
2.75,6.69738
2.76667,6.68247
2.78333,6.66761
2.8,6.65279
2.81667,6.63802
2.83333,6.62329
2.85,6.60861
2.86667,6.59398
2.88333,6.57939
2.9,6.56485
2.91667,6.55035
2.93333,6.53589
2.95,6.52148
2.96667,6.50712
2.98333,6.49279
3,6.47852
3.01667,6.46428
3.03333,6.45009
3.05,6.43594
3.06667,6.42184
3.08333,6.40778
3.1,6.39376
3.11667,6.37979
3.13333,6.36585
3.15,6.35196
3.16667,6.33811
3.18333,6.32431
3.2,6.31054
3.21667,6.29682
3.23333,6.28313
3.25,6.26949
3.26667,6.25589
3.28333,6.24233
3.3,6.22881
3.31667,6.21534
3.33333,6.2019
3.35,6.1885
3.36667,6.17514
3.38333,6.16182
3.4,6.14855
3.41667,6.13531
3.43333,6.12211
3.45,6.10895
3.46667,6.09583
3.48333,6.08274
3.5,6.0697
3.51667,6.0567
3.53333,6.04373
3.55,6.0308
3.56667,6.01791
3.58333,6.00506
3.6,5.99224
3.61667,5.97947
3.63333,5.96673
3.65,5.95402
3.66667,5.94136
3.68333,5.92873
3.7,5.91614
3.71667,5.90358
3.73333,5.89106
3.75,5.87858
3.76667,5.86614
3.78333,5.85373
3.8,5.84135
3.81667,5.82901
3.83333,5.81671
3.85,5.80444
3.86667,5.79221
3.88333,5.78002
3.9,5.76786
3.91667,5.75573
3.93333,5.74364
3.95,5.73158
3.96667,5.71956
3.98333,5.70757
4,5.69562
4.01667,5.6837
4.03333,5.67181
4.05,5.65996
4.06667,5.64814
4.08333,5.63636
4.1,5.62461
4.11667,5.61289
4.13333,5.6012
4.15,5.58955
4.16667,5.57793
4.18333,5.56635
4.2,5.5548
4.21667,5.54328
4.23333,5.53179
4.25,5.52033
4.26667,5.50891
4.28333,5.49752
4.3,5.48616
4.31667,5.47483
4.33333,5.46353
4.35,5.45227
4.36667,5.44103
4.38333,5.42983
4.4,5.41866
4.41667,5.40752
4.43333,5.39641
4.45,5.38534
4.46667,5.37429
4.48333,5.36327
4.5,5.35228
4.51667,5.34133
4.53333,5.3304
4.55,5.31951
4.56667,5.30864
4.58333,5.29781
4.6,5.287
4.61667,5.27622
4.63333,5.26548
4.65,5.25476
4.66667,5.24407
4.68333,5.23341
4.7,5.22278
4.71667,5.21218
4.73333,5.20161
4.75,5.19107
4.76667,5.18055
4.78333,5.17007
4.8,5.15961
4.81667,5.14918
4.83333,5.13878
4.85,5.12841
4.86667,5.11806
4.88333,5.10775
4.9,5.09746
4.91667,5.0872
4.93333,5.07696
4.95,5.06676
4.96667,5.05658
4.98333,5.04643
5,5.0363
5.01667,5.02621
5.03333,5.01614
5.05,5.00609
5.06667,4.99608
5.08333,4.98609
5.1,4.97612
5.11667,4.96619
5.13333,4.95628
5.15,4.94639
5.16667,4.93654
5.18333,4.9267
5.2,4.9169
5.21667,4.90712
5.23333,4.89737
5.25,4.88764
5.26667,4.87794
5.28333,4.86826
5.3,4.85861
5.31667,4.84898
5.33333,4.83938
5.35,4.82981
5.36667,4.82026
5.38333,4.81073
5.4,4.80123
5.41667,4.79176
5.43333,4.78231
5.45,4.77288
5.46667,4.76348
5.48333,4.7541
5.5,4.74475
5.51667,4.73542
5.53333,4.72612
5.55,4.71684
5.56667,4.70758
5.58333,4.69835
5.6,4.68915
5.61667,4.67996
5.63333,4.6708
5.65,4.66166
5.66667,4.65255
5.68333,4.64346
5.7,4.6344
5.71667,4.62535
5.73333,4.61633
5.75,4.60734
5.76667,4.59836
5.78333,4.58941
5.8,4.58049
5.81667,4.57158
5.83333,4.5627
5.85,4.55384
5.86667,4.545
5.88333,4.53619
5.9,4.5274
5.91667,4.51863
5.93333,4.50988
5.95,4.50115
5.96667,4.49245
5.98333,4.48377
6,4.47511
6.01667,4.46648
6.03333,4.45786
6.05,4.44927
6.06667,4.4407
6.08333,4.43215
6.1,4.42362
6.11667,4.41511
6.13333,4.40662
6.15,4.39816
6.16667,4.38972
6.18333,4.38129
6.2,4.37289
6.21667,4.36451
6.23333,4.35615
6.25,4.34781
6.26667,4.3395
6.28333,4.3312
6.3,4.32292
6.31667,4.31467
6.33333,4.30643
6.35,4.29822
6.36667,4.29002
6.38333,4.28185
6.4,4.2737
6.41667,4.26556
6.43333,4.25745
6.45,4.24936
6.46667,4.24128
6.48333,4.23323
6.5,4.2252
6.51667,4.21718
6.53333,4.20919
6.55,4.20121
6.56667,4.19326
6.58333,4.18532
6.6,4.17741
6.61667,4.16951
6.63333,4.16163
6.65,4.15377
6.66667,4.14594
6.68333,4.13812
6.7,4.13032
6.71667,4.12253
6.73333,4.11477
6.75,4.10703
6.76667,4.0993
6.78333,4.0916
6.8,4.08391
6.81667,4.07624
6.83333,4.06859
6.85,4.06096
6.86667,4.05334
6.88333,4.04575
6.9,4.03817
6.91667,4.03061
6.93333,4.02307
6.95,4.01555
6.96667,4.00805
6.98333,4.00056
7,3.99309
7.01667,3.98564
7.03333,3.97821
7.05,3.9708
7.06667,3.9634
7.08333,3.95602
7.1,3.94866
7.11667,3.94132
7.13333,3.93399
7.15,3.92668
7.16667,3.91939
7.18333,3.91212
7.2,3.90486
7.21667,3.89762
7.23333,3.8904
7.25,3.88319
7.26667,3.876
7.28333,3.86883
7.3,3.86168
7.31667,3.85454
7.33333,3.84742
7.35,3.84032
7.36667,3.83323
7.38333,3.82616
7.4,3.81911
7.41667,3.81207
7.43333,3.80505
7.45,3.79805
7.46667,3.79106
7.48333,3.78409
7.5,3.77713
7.51667,3.77019
7.53333,3.76327
7.55,3.75637
7.56667,3.74948
7.58333,3.7426
7.6,3.73574
7.61667,3.7289
7.63333,3.72208
7.65,3.71527
7.66667,3.70847
7.68333,3.70169
7.7,3.69493
7.71667,3.68818
7.73333,3.68145
7.75,3.67474
7.76667,3.66804
7.78333,3.66135
7.8,3.65468
7.81667,3.64803
7.83333,3.64139
7.85,3.63477
7.86667,3.62816
7.88333,3.62157
7.9,3.61499
7.91667,3.60843
7.93333,3.60188
7.95,3.59535
7.96667,3.58883
7.98333,3.58233
8,3.57584
8.01667,3.56937
8.03333,3.56291
8.05,3.55647
8.06667,3.55004
8.08333,3.54362
8.1,3.53723
8.11667,3.53084
8.13333,3.52447
8.15,3.51812
8.16667,3.51177
8.18333,3.50545
8.2,3.49913
8.21667,3.49284
8.23333,3.48655
8.25,3.48028
8.26667,3.47403
8.28333,3.46779
8.3,3.46156
8.31667,3.45535
8.33333,3.44915
8.35,3.44296
8.36667,3.43679
8.38333,3.43063
8.4,3.42449
8.41667,3.41836
8.43333,3.41225
8.45,3.40614
8.46667,3.40005
8.48333,3.39398
8.5,3.38792
8.51667,3.38187
8.53333,3.37584
8.55,3.36982
8.56667,3.36381
8.58333,3.35782
8.6,3.35184
8.61667,3.34587
8.63333,3.33991
8.65,3.33397
8.66667,3.32805
8.68333,3.32213
8.7,3.31623
8.71667,3.31034
8.73333,3.30447
8.75,3.29861
8.76667,3.29276
8.78333,3.28692
8.8,3.2811
8.81667,3.27529
8.83333,3.26949
8.85,3.26371
8.86667,3.25793
8.88333,3.25217
8.9,3.24643
8.91667,3.24069
8.93333,3.23497
8.95,3.22926
8.96667,3.22357
8.98333,3.21789
9,3.21221
9.01667,3.20656
9.03333,3.20091
9.05,3.19527
9.06667,3.18965
9.08333,3.18404
9.1,3.17845
9.11667,3.17286
9.13333,3.16729
9.15,3.16173
9.16667,3.15618
9.18333,3.15064
9.2,3.14512
9.21667,3.13961
9.23333,3.13411
9.25,3.12862
9.26667,3.12314
9.28333,3.11768
9.3,3.11222
9.31667,3.10678
9.33333,3.10135
9.35,3.09594
9.36667,3.09053
9.38333,3.08514
9.4,3.07975
9.41667,3.07438
9.43333,3.06902
9.45,3.06367
9.46667,3.05834
9.48333,3.05301
9.5,3.0477
9.51667,3.0424
9.53333,3.03711
9.55,3.03183
9.56667,3.02656
9.58333,3.0213
9.6,3.01606
9.61667,3.01082
9.63333,3.0056
9.65,3.00039
9.66667,2.99519
9.68333,2.99
9.7,2.98482
9.71667,2.97965
9.73333,2.97449
9.75,2.96935
9.76667,2.96421
9.78333,2.95909
9.8,2.95398
9.81667,2.94888
9.83333,2.94378
9.85,2.9387
9.86667,2.93363
9.88333,2.92858
9.9,2.92353
9.91667,2.91849
9.93333,2.91346
9.95,2.90845
9.96667,2.90344
9.98333,2.89844
10,2.89346
10.0167,2.88849
10.0333,2.88352
10.05,2.87857
10.0667,2.87363
10.0833,2.86869
10.1,2.86377
10.1167,2.85886
10.1333,2.85396
10.15,2.84907
10.1667,2.84418
10.1833,2.83931
10.2,2.83445
10.2167,2.8296
10.2333,2.82476
10.25,2.81993
10.2667,2.81511
10.2833,2.8103
10.3,2.8055
10.3167,2.80071
10.3333,2.79593
10.35,2.79116
10.3667,2.7864
10.3833,2.78165
10.4,2.77691
10.4167,2.77218
10.4333,2.76746
10.45,2.76275
10.4667,2.75805
10.4833,2.75335
10.5,2.74867
10.5167,2.744
10.5333,2.73934
10.55,2.73468
10.5667,2.73004
10.5833,2.72541
10.6,2.72078
10.6167,2.71617
10.6333,2.71156
10.65,2.70697
10.6667,2.70238
10.6833,2.6978
10.7,2.69324
10.7167,2.68868
10.7333,2.68413
10.75,2.67959
10.7667,2.67506
10.7833,2.67054
10.8,2.66603
10.8167,2.66153
10.8333,2.65703
10.85,2.65255
10.8667,2.64807
10.8833,2.64361
10.9,2.63915
10.9167,2.6347
10.9333,2.63027
10.95,2.62584
10.9667,2.62142
10.9833,2.617
11,2.6126
11.0167,2.60821
11.0333,2.60382
11.05,2.59945
11.0667,2.59508
11.0833,2.59072
11.1,2.58637
11.1167,2.58203
11.1333,2.5777
11.15,2.57338
11.1667,2.56906
11.1833,2.56476
11.2,2.56046
11.2167,2.55617
11.2333,2.55189
11.25,2.54762
11.2667,2.54336
11.2833,2.53911
11.3,2.53486
11.3167,2.53063
11.3333,2.5264
11.35,2.52218
11.3667,2.51797
11.3833,2.51377
11.4,2.50957
11.4167,2.50538
11.4333,2.50121
11.45,2.49704
11.4667,2.49288
11.4833,2.48873
11.5,2.48458
11.5167,2.48045
11.5333,2.47632
11.55,2.4722
11.5667,2.46809
11.5833,2.46398
11.6,2.45989
11.6167,2.4558
11.6333,2.45172
11.65,2.44765
11.6667,2.44359
11.6833,2.43954
11.7,2.43549
11.7167,2.43145
11.7333,2.42742
11.75,2.4234
11.7667,2.41939
11.7833,2.41538
11.8,2.41138
11.8167,2.40739
11.8333,2.40341
11.85,2.39943
11.8667,2.39547
11.8833,2.39151
11.9,2.38756
11.9167,2.38361
11.9333,2.37968
11.95,2.37575
11.9667,2.37183
11.9833,2.36792
12,2.36401
12.0167,2.36011
12.0333,2.35623
12.05,2.35234
12.0667,2.34847
12.0833,2.3446
12.1,2.34074
12.1167,2.33689
12.1333,2.33305
12.15,2.32921
12.1667,2.32538
12.1833,2.32156
12.2,2.31775
12.2167,2.31394
12.2333,2.31014
12.25,2.30635
12.2667,2.30256
12.2833,2.29879
12.3,2.29502
12.3167,2.29126
12.3333,2.2875
12.35,2.28375
12.3667,2.28001
12.3833,2.27628
12.4,2.27255
12.4167,2.26883
12.4333,2.26512
12.45,2.26142
12.4667,2.25772
12.4833,2.25403
12.5,2.25035
12.5167,2.24667
12.5333,2.243
12.55,2.23934
12.5667,2.23569
12.5833,2.23204
12.6,2.2284
12.6167,2.22477
12.6333,2.22114
12.65,2.21752
12.6667,2.21391
12.6833,2.2103
12.7,2.20671
12.7167,2.20311
12.7333,2.19953
12.75,2.19595
12.7667,2.19238
12.7833,2.18882
12.8,2.18526
12.8167,2.18171
12.8333,2.17817
12.85,2.17463
12.8667,2.1711
12.8833,2.16758
12.9,2.16406
12.9167,2.16055
12.9333,2.15705
12.95,2.15355
12.9667,2.15006
12.9833,2.14658
13,2.1431
13.0167,2.13963
13.0333,2.13617
13.05,2.13271
13.0667,2.12926
13.0833,2.12582
13.1,2.12238
13.1167,2.11895
13.1333,2.11553
13.15,2.11211
13.1667,2.1087
13.1833,2.10529
13.2,2.1019
13.2167,2.0985
13.2333,2.09512
13.25,2.09174
13.2667,2.08837
13.2833,2.085
13.3,2.08164
13.3167,2.07829
13.3333,2.07494
13.35,2.0716
13.3667,2.06827
13.3833,2.06494
13.4,2.06162
13.4167,2.0583
13.4333,2.05499
13.45,2.05169
13.4667,2.04839
13.4833,2.0451
13.5,2.04182
13.5167,2.03854
13.5333,2.03527
13.55,2.032
13.5667,2.02874
13.5833,2.02549
13.6,2.02224
13.6167,2.019
13.6333,2.01576
13.65,2.01253
13.6667,2.00931
13.6833,2.00609
13.7,2.00288
13.7167,1.99968
13.7333,1.99648
13.75,1.99328
13.7667,1.9901
13.7833,1.98691
13.8,1.98374
13.8167,1.98057
13.8333,1.9774
13.85,1.97425
13.8667,1.97109
13.8833,1.96795
13.9,1.96481
13.9167,1.96167
13.9333,1.95855
13.95,1.95542
13.9667,1.95231
13.9833,1.94919
14,1.94609
14.0167,1.94299
14.0333,1.93989
14.05,1.93681
14.0667,1.93372
14.0833,1.93065
14.1,1.92758
14.1167,1.92451
14.1333,1.92145
14.15,1.9184
14.1667,1.91535
14.1833,1.9123
14.2,1.90927
14.2167,1.90624
14.2333,1.90321
14.25,1.90019
14.2667,1.89717
14.2833,1.89416
14.3,1.89116
14.3167,1.88816
14.3333,1.88517
14.35,1.88218
14.3667,1.8792
14.3833,1.87622
14.4,1.87325
14.4167,1.87029
14.4333,1.86733
14.45,1.86437
14.4667,1.86142
14.4833,1.85848
14.5,1.85554
14.5167,1.85261
14.5333,1.84968
14.55,1.84676
14.5667,1.84384
14.5833,1.84093
14.6,1.83802
14.6167,1.83512
14.6333,1.83222
14.65,1.82933
14.6667,1.82645
14.6833,1.82357
14.7,1.82069
14.7167,1.81782
14.7333,1.81496
14.75,1.8121
14.7667,1.80925
14.7833,1.8064
14.8,1.80355
14.8167,1.80072
14.8333,1.79788
14.85,1.79505
14.8667,1.79223
14.8833,1.78941
14.9,1.7866
14.9167,1.78379
14.9333,1.78099
14.95,1.77819
14.9667,1.7754
14.9833,1.77261
15,1.76983
15.0167,1.76705
15.0333,1.76428
15.05,1.76151
15.0667,1.75875
15.0833,1.75599
15.1,1.75324
15.1167,1.75049
15.1333,1.74775
15.15,1.74501
15.1667,1.74228
15.1833,1.73955
15.2,1.73683
15.2167,1.73411
15.2333,1.7314
15.25,1.72869
15.2667,1.72599
15.2833,1.72329
15.3,1.7206
15.3167,1.71791
15.3333,1.71522
15.35,1.71254
15.3667,1.70987
15.3833,1.7072
15.4,1.70453
15.4167,1.70187
15.4333,1.69922
15.45,1.69657
15.4667,1.69392
15.4833,1.69128
15.5,1.68864
15.5167,1.68601
15.5333,1.68339
15.55,1.68076
15.5667,1.67815
15.5833,1.67553
15.6,1.67292
15.6167,1.67032
15.6333,1.66772
15.65,1.66513
15.6667,1.66254
15.6833,1.65995
15.7,1.65737
15.7167,1.65479
15.7333,1.65222
15.75,1.64966
15.7667,1.64709
15.7833,1.64454
15.8,1.64198
15.8167,1.63943
15.8333,1.63689
15.85,1.63435
15.8667,1.63181
15.8833,1.62928
15.9,1.62676
15.9167,1.62424
15.9333,1.62172
15.95,1.61921
15.9667,1.6167
15.9833,1.61419
16,1.61169
16.0167,1.6092
16.0333,1.60671
16.05,1.60422
16.0667,1.60174
16.0833,1.59926
16.1,1.59679
16.1167,1.59432
16.1333,1.59185
16.15,1.58939
16.1667,1.58694
16.1833,1.58449
16.2,1.58204
16.2167,1.57959
16.2333,1.57716
16.25,1.57472
16.2667,1.57229
16.2833,1.56987
16.3,1.56744
16.3167,1.56503
16.3333,1.56261
16.35,1.5602
16.3667,1.5578
16.3833,1.5554
16.4,1.553
16.4167,1.55061
16.4333,1.54822
16.45,1.54584
16.4667,1.54346
16.4833,1.54108
16.5,1.53871
16.5167,1.53634
16.5333,1.53398
16.55,1.53162
16.5667,1.52927
16.5833,1.52692
16.6,1.52457
16.6167,1.52223
16.6333,1.51989
16.65,1.51755
16.6667,1.51522
16.6833,1.5129
16.7,1.51057
16.7167,1.50826
16.7333,1.50594
16.75,1.50363
16.7667,1.50132
16.7833,1.49902
16.8,1.49672
16.8167,1.49443
16.8333,1.49214
16.85,1.48985
16.8667,1.48757
16.8833,1.48529
16.9,1.48302
16.9167,1.48075
16.9333,1.47848
16.95,1.47622
16.9667,1.47396
16.9833,1.4717
17,1.46945
17.0167,1.46721
17.0333,1.46496
17.05,1.46272
17.0667,1.46049
17.0833,1.45826
17.1,1.45603
17.1167,1.4538
17.1333,1.45158
17.15,1.44937
17.1667,1.44715
17.1833,1.44495
17.2,1.44274
17.2167,1.44054
17.2333,1.43834
17.25,1.43615
17.2667,1.43396
17.2833,1.43177
17.3,1.42959
17.3167,1.42741
17.3333,1.42524
17.35,1.42307
17.3667,1.4209
17.3833,1.41873
17.4,1.41657
17.4167,1.41442
17.4333,1.41226
17.45,1.41012
17.4667,1.40797
17.4833,1.40583
17.5,1.40369
17.5167,1.40156
17.5333,1.39943
17.55,1.3973
17.5667,1.39518
17.5833,1.39306
17.6,1.39094
17.6167,1.38883
17.6333,1.38672
17.65,1.38461
17.6667,1.38251
17.6833,1.38041
17.7,1.37832
17.7167,1.37623
17.7333,1.37414
17.75,1.37206
17.7667,1.36998
17.7833,1.3679
17.8,1.36583
17.8167,1.36376
17.8333,1.36169
17.85,1.35963
17.8667,1.35757
17.8833,1.35551
17.9,1.35346
17.9167,1.35141
17.9333,1.34936
17.95,1.34732
17.9667,1.34528
17.9833,1.34325
18,1.34122
18.0167,1.33919
18.0333,1.33716
18.05,1.33514
18.0667,1.33313
18.0833,1.33111
18.1,1.3291
18.1167,1.32709
18.1333,1.32509
18.15,1.32309
18.1667,1.32109
18.1833,1.3191
18.2,1.3171
18.2167,1.31512
18.2333,1.31313
18.25,1.31115
18.2667,1.30917
18.2833,1.3072
18.3,1.30523
18.3167,1.30326
18.3333,1.3013
18.35,1.29934
18.3667,1.29738
18.3833,1.29543
18.4,1.29347
18.4167,1.29153
18.4333,1.28958
18.45,1.28764
18.4667,1.2857
18.4833,1.28377
18.5,1.28184
18.5167,1.27991
18.5333,1.27798
18.55,1.27606
18.5667,1.27414
18.5833,1.27223
18.6,1.27032
18.6167,1.26841
18.6333,1.2665
18.65,1.2646
18.6667,1.2627
18.6833,1.2608
18.7,1.25891
18.7167,1.25702
18.7333,1.25513
18.75,1.25325
18.7667,1.25137
18.7833,1.24949
18.8,1.24762
18.8167,1.24575
18.8333,1.24388
18.85,1.24202
18.8667,1.24015
18.8833,1.23829
18.9,1.23644
18.9167,1.23459
18.9333,1.23274
18.95,1.23089
18.9667,1.22905
18.9833,1.22721
19,1.22537
19.0167,1.22354
19.0333,1.22171
19.05,1.21988
19.0667,1.21805
19.0833,1.21623
19.1,1.21441
19.1167,1.2126
19.1333,1.21078
19.15,1.20897
19.1667,1.20717
19.1833,1.20536
19.2,1.20356
19.2167,1.20176
19.2333,1.19997
19.25,1.19818
19.2667,1.19639
19.2833,1.1946
19.3,1.19282
19.3167,1.19104
19.3333,1.18926
19.35,1.18749
19.3667,1.18572
19.3833,1.18395
19.4,1.18218
19.4167,1.18042
19.4333,1.17866
19.45,1.1769
19.4667,1.17515
19.4833,1.1734
19.5,1.17165
19.5167,1.1699
19.5333,1.16816
19.55,1.16642
19.5667,1.16469
19.5833,1.16295
19.6,1.16122
19.6167,1.15949
19.6333,1.15777
19.65,1.15605
19.6667,1.15433
19.6833,1.15261
19.7,1.1509
19.7167,1.14918
19.7333,1.14748
19.75,1.14577
19.7667,1.14407
19.7833,1.14237
19.8,1.14067
19.8167,1.13898
19.8333,1.13728
19.85,1.1356
19.8667,1.13391
19.8833,1.13223
19.9,1.13055
19.9167,1.12887
19.9333,1.12719
19.95,1.12552
19.9667,1.12385
19.9833,1.12218
20,1.12052
20.0167,1.11886
20.0333,1.1172
20.05,1.11554
20.0667,1.11389
20.0833,1.11224
20.1,1.11059
20.1167,1.10895
20.1333,1.1073
20.15,1.10566
20.1667,1.10403
20.1833,1.10239
20.2,1.10076
20.2167,1.09913
20.2333,1.0975
20.25,1.09588
20.2667,1.09426
20.2833,1.09264
20.3,1.09102
20.3167,1.08941
20.3333,1.0878
20.35,1.08619
20.3667,1.08459
20.3833,1.08298
20.4,1.08138
20.4167,1.07979
20.4333,1.07819
20.45,1.0766
20.4667,1.07501
20.4833,1.07342
20.5,1.07184
20.5167,1.07025
20.5333,1.06867
20.55,1.0671
20.5667,1.06552
20.5833,1.06395
20.6,1.06238
20.6167,1.06081
20.6333,1.05925
20.65,1.05769
20.6667,1.05613
20.6833,1.05457
20.7,1.05302
20.7167,1.05146
20.7333,1.04992
20.75,1.04837
20.7667,1.04682
20.7833,1.04528
20.8,1.04374
20.8167,1.04221
20.8333,1.04067
20.85,1.03914
20.8667,1.03761
20.8833,1.03608
20.9,1.03456
20.9167,1.03304
20.9333,1.03152
20.95,1.03
20.9667,1.02848
20.9833,1.02697
21,1.02546
21.0167,1.02395
21.0333,1.02245
21.05,1.02095
21.0667,1.01945
21.0833,1.01795
21.1,1.01645
21.1167,1.01496
21.1333,1.01347
21.15,1.01198
21.1667,1.0105
21.1833,1.00901
21.2,1.00753
21.2167,1.00605
21.2333,1.00458
21.25,1.0031
21.2667,1.00163
21.2833,1.00016
21.3,0.998694
21.3167,0.99723
21.3333,0.995768
21.35,0.994308
21.3667,0.99285
21.3833,0.991395
21.4,0.989942
21.4167,0.988491
21.4333,0.987043
21.45,0.985597
21.4667,0.984153
21.4833,0.982712
21.5,0.981273
21.5167,0.979836
21.5333,0.978402
21.55,0.97697
21.5667,0.97554
21.5833,0.974112
21.6,0.972687
21.6167,0.971264
21.6333,0.969843
21.65,0.968424
21.6667,0.967008
21.6833,0.965594
21.7,0.964182
21.7167,0.962773
21.7333,0.961366
21.75,0.959961
21.7667,0.958558
21.7833,0.957157
21.8,0.955759
21.8167,0.954363
21.8333,0.952969
21.85,0.951577
21.8667,0.950188
21.8833,0.9488
21.9,0.947415
21.9167,0.946032
21.9333,0.944652
21.95,0.943273
21.9667,0.941897
21.9833,0.940523
22,0.939151
22.0167,0.937781
22.0333,0.936413
22.05,0.935048
22.0667,0.933684
22.0833,0.932323
22.1,0.930964
22.1167,0.929607
22.1333,0.928253
22.15,0.9269
22.1667,0.92555
22.1833,0.924202
22.2,0.922855
22.2167,0.921511
22.2333,0.920169
22.25,0.91883
22.2667,0.917492
22.2833,0.916156
22.3,0.914823
22.3167,0.913492
22.3333,0.912162
22.35,0.910835
22.3667,0.90951
22.3833,0.908187
22.4,0.906866
22.4167,0.905547
22.4333,0.904231
22.45,0.902916
22.4667,0.901604
22.4833,0.900293
22.5,0.898985
22.5167,0.897678
22.5333,0.896374
22.55,0.895072
22.5667,0.893771
22.5833,0.892473
22.6,0.891177
22.6167,0.889883
22.6333,0.888591
22.65,0.887301
22.6667,0.886012
22.6833,0.884726
22.7,0.883442
22.7167,0.88216
22.7333,0.880881
22.75,0.879603
22.7667,0.878327
22.7833,0.877053
22.8,0.875781
22.8167,0.874511
22.8333,0.873243
22.85,0.871977
22.8667,0.870713
22.8833,0.869451
22.9,0.868191
22.9167,0.866933
22.9333,0.865676
22.95,0.864422
22.9667,0.86317
22.9833,0.86192
23,0.860672
23.0167,0.859425
23.0333,0.858181
23.05,0.856938
23.0667,0.855698
23.0833,0.854459
23.1,0.853223
23.1167,0.851988
23.1333,0.850755
23.15,0.849524
23.1667,0.848296
23.1833,0.847068
23.2,0.845843
23.2167,0.84462
23.2333,0.843399
23.25,0.842179
23.2667,0.840962
23.2833,0.839746
23.3,0.838533
23.3167,0.837321
23.3333,0.836111
23.35,0.834903
23.3667,0.833697
23.3833,0.832493
23.4,0.83129
23.4167,0.83009
23.4333,0.828891
23.45,0.827694
23.4667,0.826499
23.4833,0.825306
23.5,0.824115
23.5167,0.822926
23.5333,0.821738
23.55,0.820552
23.5667,0.819369
23.5833,0.818187
23.6,0.817006
23.6167,0.815828
23.6333,0.814652
23.65,0.813477
23.6667,0.812304
23.6833,0.811133
23.7,0.809964
23.7167,0.808796
23.7333,0.807631
23.75,0.806467
23.7667,0.805305
23.7833,0.804145
23.8,0.802986
23.8167,0.80183
23.8333,0.800675
23.85,0.799522
23.8667,0.79837
23.8833,0.797221
23.9,0.796073
23.9167,0.794927
23.9333,0.793783
23.95,0.792641
23.9667,0.7915
23.9833,0.790361
24,0.789224
24.0167,0.788089
24.0333,0.786955
24.05,0.785823
24.0667,0.784693
24.0833,0.783565
24.1,0.782438
24.1167,0.781314
24.1333,0.78019
24.15,0.779069
24.1667,0.777949
24.1833,0.776831
24.2,0.775715
24.2167,0.774601
24.2333,0.773488
24.25,0.772377
24.2667,0.771267
24.2833,0.77016
24.3,0.769054
24.3167,0.767949
24.3333,0.766847
24.35,0.765746
24.3667,0.764647
24.3833,0.763549
24.4,0.762454
24.4167,0.761359
24.4333,0.760267
24.45,0.759176
24.4667,0.758087
24.4833,0.757
24.5,0.755914
24.5167,0.75483
24.5333,0.753747
24.55,0.752667
24.5667,0.751588
24.5833,0.75051
24.6,0.749434
24.6167,0.74836
24.6333,0.747288
24.65,0.746217
24.6667,0.745148
24.6833,0.74408
24.7,0.743014
24.7167,0.74195
24.7333,0.740887
24.75,0.739826
24.7667,0.738767
24.7833,0.737709
24.8,0.736653
24.8167,0.735598
24.8333,0.734545
24.85,0.733494
24.8667,0.732444
24.8833,0.731396
24.9,0.73035
24.9167,0.729305
24.9333,0.728261
24.95,0.72722
24.9667,0.726179
24.9833,0.725141
25,0.724104
25.0167,0.723069
25.0333,0.722035
25.05,0.721003
25.0667,0.719972
25.0833,0.718943
25.1,0.717915
25.1167,0.716889
25.1333,0.715865
25.15,0.714842
25.1667,0.713821
25.1833,0.712801
25.2,0.711783
25.2167,0.710766
25.2333,0.709751
25.25,0.708738
25.2667,0.707726
25.2833,0.706716
25.3,0.705707
25.3167,0.704699
25.3333,0.703694
25.35,0.702689
25.3667,0.701687
25.3833,0.700685
25.4,0.699686
25.4167,0.698687
25.4333,0.697691
25.45,0.696696
25.4667,0.695702
25.4833,0.69471
25.5,0.693719
25.5167,0.69273
25.5333,0.691742
25.55,0.690756
25.5667,0.689772
25.5833,0.688789
25.6,0.687807
25.6167,0.686827
25.6333,0.685848
25.65,0.684871
25.6667,0.683895
25.6833,0.682921
25.7,0.681948
25.7167,0.680977
25.7333,0.680007
25.75,0.679039
25.7667,0.678072
25.7833,0.677107
25.8,0.676143
25.8167,0.67518
25.8333,0.674219
25.85,0.67326
25.8667,0.672301
25.8833,0.671345
25.9,0.67039
25.9167,0.669436
25.9333,0.668483
25.95,0.667533
25.9667,0.666583
25.9833,0.665635
26,0.664688
26.0167,0.663743
26.0333,0.6628
26.05,0.661857
26.0667,0.660916
26.0833,0.659977
26.1,0.659039
26.1167,0.658102
26.1333,0.657167
26.15,0.656233
26.1667,0.655301
26.1833,0.65437
26.2,0.65344
26.2167,0.652512
26.2333,0.651585
26.25,0.65066
26.2667,0.649736
26.2833,0.648813
26.3,0.647892
26.3167,0.646972
26.3333,0.646054
26.35,0.645137
26.3667,0.644221
26.3833,0.643307
26.4,0.642394
26.4167,0.641482
26.4333,0.640572
26.45,0.639664
26.4667,0.638756
26.4833,0.63785
26.5,0.636945
26.5167,0.636042
26.5333,0.63514
26.55,0.634239
26.5667,0.63334
26.5833,0.632442
26.6,0.631545
26.6167,0.63065
26.6333,0.629756
26.65,0.628864
26.6667,0.627973
26.6833,0.627083
26.7,0.626194
26.7167,0.625307
26.7333,0.624421
26.75,0.623536
26.7667,0.622653
26.7833,0.621771
26.8,0.620891
26.8167,0.620012
26.8333,0.619134
26.85,0.618257
26.8667,0.617382
26.8833,0.616508
26.9,0.615635
26.9167,0.614764
26.9333,0.613894
26.95,0.613025
26.9667,0.612157
26.9833,0.611291
27,0.610426
27.0167,0.609563
27.0333,0.6087
27.05,0.607839
27.0667,0.60698
27.0833,0.606121
27.1,0.605264
27.1167,0.604408
27.1333,0.603554
27.15,0.6027
27.1667,0.601848
27.1833,0.600998
27.2,0.600148
27.2167,0.5993
27.2333,0.598453
27.25,0.597607
27.2667,0.596763
27.2833,0.59592
27.3,0.595078
27.3167,0.594237
27.3333,0.593398
27.35,0.592559
27.3667,0.591722
27.3833,0.590887
27.4,0.590052
27.4167,0.589219
27.4333,0.588387
27.45,0.587557
27.4667,0.586727
27.4833,0.585899
27.5,0.585072
27.5167,0.584246
27.5333,0.583422
27.55,0.582599
27.5667,0.581776
27.5833,0.580956
27.6,0.580136
27.6167,0.579318
27.6333,0.578501
27.65,0.577685
27.6667,0.57687
27.6833,0.576056
27.7,0.575244
27.7167,0.574433
27.7333,0.573623
27.75,0.572814
27.7667,0.572007
27.7833,0.5712
27.8,0.570395
27.8167,0.569592
27.8333,0.568789
27.85,0.567987
27.8667,0.567187
27.8833,0.566388
27.9,0.56559
27.9167,0.564793
27.9333,0.563998
27.95,0.563203
27.9667,0.56241
27.9833,0.561618
28,0.560827
28.0167,0.560037
28.0333,0.559249
28.05,0.558461
28.0667,0.557675
28.0833,0.55689
28.1,0.556106
28.1167,0.555324
28.1333,0.554542
28.15,0.553762
28.1667,0.552982
28.1833,0.552204
28.2,0.551427
28.2167,0.550652
28.2333,0.549877
28.25,0.549104
28.2667,0.548331
28.2833,0.54756
28.3,0.54679
28.3167,0.546021
28.3333,0.545253
28.35,0.544487
28.3667,0.543721
28.3833,0.542957
28.4,0.542194
28.4167,0.541431
28.4333,0.54067
28.45,0.539911
28.4667,0.539152
28.4833,0.538394
28.5,0.537638
28.5167,0.536882
28.5333,0.536128
28.55,0.535375
28.5667,0.534623
28.5833,0.533872
28.6,0.533122
28.6167,0.532373
28.6333,0.531626
28.65,0.530879
28.6667,0.530134
28.6833,0.529389
28.7,0.528646
28.7167,0.527904
28.7333,0.527163
28.75,0.526423
28.7667,0.525684
28.7833,0.524946
28.8,0.52421
28.8167,0.523474
28.8333,0.52274
28.85,0.522006
28.8667,0.521274
28.8833,0.520543
28.9,0.519812
28.9167,0.519083
28.9333,0.518355
28.95,0.517628
28.9667,0.516903
28.9833,0.516178
29,0.515454
29.0167,0.514731
29.0333,0.51401
29.05,0.513289
29.0667,0.512569
29.0833,0.511851
29.1,0.511134
29.1167,0.510417
29.1333,0.509702
29.15,0.508988
29.1667,0.508275
29.1833,0.507562
29.2,0.506851
29.2167,0.506141
29.2333,0.505432
29.25,0.504724
29.2667,0.504017
29.2833,0.503311
29.3,0.502607
29.3167,0.501903
29.3333,0.5012
29.35,0.500498
29.3667,0.499797
29.3833,0.499098
29.4,0.498399
29.4167,0.497701
29.4333,0.497005
29.45,0.496309
29.4667,0.495615
29.4833,0.494921
29.5,0.494228
29.5167,0.493537
29.5333,0.492846
29.55,0.492157
29.5667,0.491468
29.5833,0.490781
29.6,0.490094
29.6167,0.489409
29.6333,0.488724
29.65,0.488041
29.6667,0.487358
29.6833,0.486677
29.7,0.485997
29.7167,0.485317
29.7333,0.484639
29.75,0.483961
29.7667,0.483285
29.7833,0.482609
29.8,0.481934
29.8167,0.481261
29.8333,0.480588
29.85,0.479917
29.8667,0.479246
29.8833,0.478577
29.9,0.477908
29.9167,0.47724
29.9333,0.476574
29.95,0.475908
29.9667,0.475243
29.9833,0.474579
30,0.473917
30.0167,0.473255
30.0333,0.472594
30.05,0.471934
30.0667,0.471275
30.0833,0.470617
30.1,0.46996
30.1167,0.469304
30.1333,0.468649
30.15,0.467995
30.1667,0.467341
30.1833,0.466689
30.2,0.466038
30.2167,0.465388
30.2333,0.464738
30.25,0.46409
30.2667,0.463442
30.2833,0.462796
30.3,0.46215
30.3167,0.461505
30.3333,0.460862
30.35,0.460219
30.3667,0.459577
30.3833,0.458936
30.4,0.458296
30.4167,0.457657
30.4333,0.457019
30.45,0.456382
30.4667,0.455745
30.4833,0.45511
30.5,0.454476
30.5167,0.453842
30.5333,0.453209
30.55,0.452578
30.5667,0.451947
30.5833,0.451317
30.6,0.450688
30.6167,0.45006
30.6333,0.449433
30.65,0.448807
30.6667,0.448182
30.6833,0.447557
30.7,0.446934
30.7167,0.446311
30.7333,0.44569
30.75,0.445069
30.7667,0.444449
30.7833,0.44383
30.8,0.443212
30.8167,0.442595
30.8333,0.441979
30.85,0.441363
30.8667,0.440749
30.8833,0.440135
30.9,0.439523
30.9167,0.438911
30.9333,0.4383
30.95,0.43769
30.9667,0.437081
30.9833,0.436473
31,0.435865
31.0167,0.435259
31.0333,0.434653
31.05,0.434048
31.0667,0.433445
31.0833,0.432842
31.1,0.43224
31.1167,0.431638
31.1333,0.431038
31.15,0.430438
31.1667,0.42984
31.1833,0.429242
31.2,0.428645
31.2167,0.428049
31.2333,0.427454
31.25,0.42686
31.2667,0.426266
31.2833,0.425674
31.3,0.425082
31.3167,0.424491
31.3333,0.423901
31.35,0.423312
31.3667,0.422724
31.3833,0.422136
31.4,0.42155
31.4167,0.420964
31.4333,0.420379
31.45,0.419795
31.4667,0.419212
31.4833,0.418629
31.5,0.418048
31.5167,0.417467
31.5333,0.416887
31.55,0.416308
31.5667,0.41573
31.5833,0.415153
31.6,0.414576
31.6167,0.414
31.6333,0.413425
31.65,0.412851
31.6667,0.412278
31.6833,0.411706
31.7,0.411134
31.7167,0.410564
31.7333,0.409994
31.75,0.409425
31.7667,0.408856
31.7833,0.408289
31.8,0.407722
31.8167,0.407157
31.8333,0.406592
31.85,0.406027
31.8667,0.405464
31.8833,0.404902
31.9,0.40434
31.9167,0.403779
31.9333,0.403219
31.95,0.40266
31.9667,0.402101
31.9833,0.401543
32,0.400986
32.0167,0.40043
32.0333,0.399875
32.05,0.399321
32.0667,0.398767
32.0833,0.398214
32.1,0.397662
32.1167,0.397111
32.1333,0.39656
32.15,0.39601
32.1667,0.395461
32.1833,0.394913
32.2,0.394366
32.2167,0.393819
32.2333,0.393274
32.25,0.392729
32.2667,0.392185
32.2833,0.391641
32.3,0.391098
32.3167,0.390557
32.3333,0.390016
32.35,0.389475
32.3667,0.388936
32.3833,0.388397
32.4,0.387859
32.4167,0.387322
32.4333,0.386785
32.45,0.38625
32.4667,0.385715
32.4833,0.385181
32.5,0.384647
32.5167,0.384115
32.5333,0.383583
32.55,0.383052
32.5667,0.382522
32.5833,0.381992
32.6,0.381463
32.6167,0.380935
32.6333,0.380408
32.65,0.379881
32.6667,0.379356
32.6833,0.378831
32.7,0.378306
32.7167,0.377783
32.7333,0.37726
32.75,0.376738
32.7667,0.376217
32.7833,0.375697
32.8,0.375177
32.8167,0.374658
32.8333,0.374139
32.85,0.373622
32.8667,0.373105
32.8833,0.372589
32.9,0.372074
32.9167,0.371559
32.9333,0.371046
32.95,0.370532
32.9667,0.37002
32.9833,0.369508
33,0.368998
33.0167,0.368487
33.0333,0.367978
33.05,0.367469
33.0667,0.366961
33.0833,0.366454
33.1,0.365948
33.1167,0.365442
33.1333,0.364937
33.15,0.364432
33.1667,0.363929
33.1833,0.363426
33.2,0.362924
33.2167,0.362422
33.2333,0.361922
33.25,0.361422
33.2667,0.360922
33.2833,0.360424
33.3,0.359926
33.3167,0.359429
33.3333,0.358932
33.35,0.358436
33.3667,0.357941
33.3833,0.357447
33.4,0.356953
33.4167,0.35646
33.4333,0.355968
33.45,0.355477
33.4667,0.354986
33.4833,0.354496
33.5,0.354006
33.5167,0.353518
33.5333,0.35303
33.55,0.352542
33.5667,0.352056
33.5833,0.35157
33.6,0.351084
33.6167,0.3506
33.6333,0.350116
33.65,0.349633
33.6667,0.34915
33.6833,0.348669
33.7,0.348187
33.7167,0.347707
33.7333,0.347227
33.75,0.346748
33.7667,0.34627
33.7833,0.345792
33.8,0.345315
33.8167,0.344839
33.8333,0.344363
33.85,0.343888
33.8667,0.343414
33.8833,0.34294
33.9,0.342468
33.9167,0.341995
33.9333,0.341524
33.95,0.341053
33.9667,0.340583
33.9833,0.340113
34,0.339644
34.0167,0.339176
34.0333,0.338708
34.05,0.338241
34.0667,0.337775
34.0833,0.337309
34.1,0.336845
34.1167,0.33638
34.1333,0.335917
34.15,0.335454
34.1667,0.334992
34.1833,0.33453
34.2,0.334069
34.2167,0.333609
34.2333,0.333149
34.25,0.33269
34.2667,0.332232
34.2833,0.331774
34.3,0.331317
34.3167,0.330861
34.3333,0.330405
34.35,0.32995
34.3667,0.329495
34.3833,0.329041
34.4,0.328588
34.4167,0.328136
34.4333,0.327684
34.45,0.327233
34.4667,0.326782
34.4833,0.326332
34.5,0.325883
34.5167,0.325434
34.5333,0.324986
34.55,0.324539
34.5667,0.324092
34.5833,0.323646
34.6,0.3232
34.6167,0.322756
34.6333,0.322311
34.65,0.321868
34.6667,0.321425
34.6833,0.320982
34.7,0.320541
34.7167,0.3201
34.7333,0.319659
34.75,0.319219
34.7667,0.31878
34.7833,0.318341
34.8,0.317903
34.8167,0.317466
34.8333,0.317029
34.85,0.316593
34.8667,0.316158
34.8833,0.315723
34.9,0.315289
34.9167,0.314855
34.9333,0.314422
34.95,0.31399
34.9667,0.313558
34.9833,0.313127
35,0.312696
35.0167,0.312266
35.0333,0.311837
35.05,0.311408
35.0667,0.31098
35.0833,0.310552
35.1,0.310125
35.1167,0.309699
35.1333,0.309273
35.15,0.308848
35.1667,0.308424
35.1833,0.308
35.2,0.307576
35.2167,0.307154
35.2333,0.306732
35.25,0.30631
35.2667,0.305889
35.2833,0.305469
35.3,0.305049
35.3167,0.30463
35.3333,0.304211
35.35,0.303793
35.3667,0.303376
35.3833,0.302959
35.4,0.302543
35.4167,0.302128
35.4333,0.301713
35.45,0.301298
35.4667,0.300884
35.4833,0.300471
35.5,0.300058
35.5167,0.299646
35.5333,0.299235
35.55,0.298824
35.5667,0.298414
35.5833,0.298004
35.6,0.297595
35.6167,0.297186
35.6333,0.296778
35.65,0.296371
35.6667,0.295964
35.6833,0.295557
35.7,0.295152
35.7167,0.294746
35.7333,0.294342
35.75,0.293938
35.7667,0.293534
35.7833,0.293132
35.8,0.292729
35.8167,0.292328
35.8333,0.291926
35.85,0.291526
35.8667,0.291126
35.8833,0.290726
35.9,0.290327
35.9167,0.289929
35.9333,0.289531
35.95,0.289134
35.9667,0.288737
35.9833,0.288341
36,0.287946
36.0167,0.287551
36.0333,0.287156
36.05,0.286763
36.0667,0.286369
36.0833,0.285976
36.1,0.285584
36.1167,0.285193
36.1333,0.284801
36.15,0.284411
36.1667,0.284021
36.1833,0.283631
36.2,0.283243
36.2167,0.282854
36.2333,0.282466
36.25,0.282079
36.2667,0.281692
36.2833,0.281306
36.3,0.280921
36.3167,0.280536
36.3333,0.280151
36.35,0.279767
36.3667,0.279384
36.3833,0.279001
36.4,0.278618
36.4167,0.278236
36.4333,0.277855
36.45,0.277474
36.4667,0.277094
36.4833,0.276714
36.5,0.276335
36.5167,0.275957
36.5333,0.275579
36.55,0.275201
36.5667,0.274824
36.5833,0.274447
36.6,0.274071
36.6167,0.273696
36.6333,0.273321
36.65,0.272947
36.6667,0.272573
36.6833,0.2722
36.7,0.271827
36.7167,0.271454
36.7333,0.271083
36.75,0.270711
36.7667,0.270341
36.7833,0.269971
36.8,0.269601
36.8167,0.269232
36.8333,0.268863
36.85,0.268495
36.8667,0.268127
36.8833,0.26776
36.9,0.267394
36.9167,0.267028
36.9333,0.266662
36.95,0.266297
36.9667,0.265933
36.9833,0.265569
37,0.265205
37.0167,0.264842
37.0333,0.26448
37.05,0.264118
37.0667,0.263756
